"Var1","Freq"
"aaa",388
"aac",237
"aag",280
"aat",203
"aca",294
"acc",176
"acg",94
"act",156
"aga",334
"agc",184
"agg",237
"agt",135
"ata",141
"atc",137
"atg",292
"att",138
"caa",273
"cac",198
"cag",227
"cat",203
"cca",236
"ccc",106
"ccg",60
"cct",121
"cga",70
"cgc",51
"cgg",69
"cgt",71
"cta",131
"ctc",121
"ctg",186
"ctt",116
"gaa",346
"gac",197
"gag",249
"gat",184
"gca",169
"gcc",129
"gcg",58
"gct",144
"gga",354
"ggc",132
"ggg",160
"ggt",141
"gta",73
"gtc",106
"gtg",192
"gtt",136
"taa",101
"tac",88
"tag",133
"tat",118
"tca",202
"tcc",112
"tcg",49
"tct",134
"tga",218
"tgc",133
"tgg",321
"tgt",160
"tta",95
"ttc",133
"ttg",162
"ttt",139
