"","Var1","Freq"
"1","aaa",388
"2","aac",237
"3","aag",280
"4","aat",203
"5","aca",294
"6","acc",176
"7","acg",94
"8","act",156
"9","aga",334
"10","agc",184
"11","agg",237
"12","agt",135
"13","ata",141
"14","atc",137
"15","atg",292
"16","att",138
"17","caa",273
"18","cac",198
"19","cag",227
"20","cat",203
"21","cca",236
"22","ccc",106
"23","ccg",60
"24","cct",121
"25","cga",70
"26","cgc",51
"27","cgg",69
"28","cgt",71
"29","cta",131
"30","ctc",121
"31","ctg",186
"32","ctt",116
"33","gaa",346
"34","gac",197
"35","gag",249
"36","gat",184
"37","gca",169
"38","gcc",129
"39","gcg",58
"40","gct",144
"41","gga",354
"42","ggc",132
"43","ggg",160
"44","ggt",141
"45","gta",73
"46","gtc",106
"47","gtg",192
"48","gtt",136
"49","taa",101
"50","tac",88
"51","tag",133
"52","tat",118
"53","tca",202
"54","tcc",112
"55","tcg",49
"56","tct",134
"57","tga",218
"58","tgc",133
"59","tgg",321
"60","tgt",160
"61","tta",95
"62","ttc",133
"63","ttg",162
"64","ttt",139
